species,group,method,method_type,GenomeCompleasm,compleasm_protein,compleasm_transcriptome,number_CDS,protcod_mRNA_NCBI,pcodgenes_wCDS,RefMedianCDSLength,MedianCDSLength,intergenic_genes,PsauronScore,blastp2NCBIfraction,median_align_splicedexons,median_splicedexons_eval,RefTsAlignRateAll,RefAlignRateNoUTR,median_annot_align_noutr,RefMedianUtrCdsRatio,PredUtrCdsRatio,NumberTscriptUtrBlastxHitToSpecies,NumberCdsWithAnnotatedUtrs,PcentTscriptsUtrBlastx
D. melanogaster,dipterans,StrHisat,assembler,0.999,0.838,0.971,26672,30708,8103,1410,1911,244,99.2,0.993,0.877,0.76,0.853,0.548,0.508,0.397,0.797,10447,26495,39.430081147386296
D. melanogaster,dipterans,StrStar,assembler,0.999,0.836,0.967,27322,30708,7956,1410,1917,197,99.2,0.993,0.875,0.76,0.853,0.548,0.508,0.397,0.817,10901,27130,40.18061186877995
D. melanogaster,dipterans,ScalHisat,assembler,0.999,0.864,0.955,23609,30708,11708,1410,1197,457,96.7,0.973,0.875,0.754,0.853,0.548,0.515,0.397,0.76,9598,22472,42.71092915628338
D. melanogaster,dipterans,ScalStar,assembler,0.999,0.856,0.957,22881,30708,13747,1410,1233,418,97.1,0.977,0.869,0.755,0.853,0.548,0.505,0.397,0.774,9181,21481,42.74009589870118
D. melanogaster,dipterans,MakerRnaNoEvm,MAKER,0.999,0.896,0.895,13538,30708,13538,1410,825,123,96.5,0.994,0.379,0.344,0.853,0.548,0.379,0.397,NA,NA,NA,NA
D. melanogaster,dipterans,BrkProt,abinitio,0.999,0.983,0.982,18579,30708,16936,1410,1083,2345,97.3,0.971,0.512,0.47,0.853,0.548,0.512,0.397,NA,NA,NA,NA
D. melanogaster,dipterans,BrkRNA,abinitio,0.999,0.991,0.99,17607,30708,16287,1410,1206,1395,97.6,0.989,0.526,0.47,0.853,0.548,0.526,0.397,NA,NA,NA,NA
D. melanogaster,dipterans,Braker3,abinitio,0.999,0.988,0.987,19217,30708,13792,1410,1389,1086,97.8,0.969,0.529,0.463,0.853,0.548,0.529,0.397,NA,NA,NA,NA
D. melanogaster,dipterans,TOGA,liftover,0.999,0.986,0.985,24210,30708,13256,1410,1557,98,98.4,1,0.529,0.496,0.853,0.548,0.529,0.397,NA,NA,NA,NA
D. melanogaster,dipterans,liftoff,liftover,0.999,0.989,0.998,24642,30708,13665,1410,1538,259,94.3,0.97,0.834,0.853,0.853,0.548,0.542,0.397,NA,NA,NA,NA
D. melanogaster,dipterans,CGPprotein,abinitio,0.999,0.988,0.989,20404,30708,20404,1410,747,6156,73,0.678,0.548,0.525,0.853,0.548,0.548,0.397,NA,NA,NA,NA
D. melanogaster,dipterans,CGPrnaseq,abinitio,0.999,0.979,0.984,26674,30708,26674,1410,462,12638,60,0.503,0.541,0.48,0.853,0.548,0.541,0.397,NA,NA,NA,NA
D. pseudoobscura,dipterans,StrHisat,assembler,0.999,0.825,0.988,34462,26574,12139,1539,1401,2358,96.7,0.965,0.658,NA,0.483,0.29,0.222,0.337,1.11,NA,32954,NA
D. pseudoobscura,dipterans,StrStar,assembler,0.999,0.818,0.984,35696,26574,11305,1539,1452,1763,96.6,0.967,0.673,NA,0.483,0.29,0.222,0.337,1.178,NA,34341,NA
D. pseudoobscura,dipterans,ScalHisat,assembler,0.999,0.831,0.911,27242,26574,12792,1539,888,1458,95.3,0.957,0.646,NA,0.483,0.29,0.214,0.337,0.945,NA,25009,NA
D. pseudoobscura,dipterans,ScalStar,assembler,0.999,0.84,0.927,27986,26574,16447,1539,894,1652,94,0.945,0.662,NA,0.483,0.29,0.217,0.337,1.045,NA,25528,NA
D. pseudoobscura,dipterans,BrkProt,abinitio,0.999,0.964,0.959,19940,26574,18139,1539,1086,3045,97.2,0.979,0.189,NA,0.483,0.29,0.189,0.337,NA,NA,NA,NA
D. pseudoobscura,dipterans,BrkRNA,abinitio,0.999,0.969,0.967,17721,26574,16883,1539,1164,1750,97.7,0.993,0.188,NA,0.483,0.29,0.188,0.337,NA,NA,NA,NA
D. pseudoobscura,dipterans,Braker3,abinitio,0.999,0.985,0.983,20724,26574,15874,1539,1233,2451,96.7,0.95,0.226,NA,0.483,0.29,0.226,0.337,NA,NA,NA,NA
D. pseudoobscura,dipterans,TOGA,liftover,0.999,0.833,0.823,24538,26574,10610,1539,1463,190,98.5,0.995,0.152,NA,0.483,0.29,0.152,0.337,NA,NA,NA,NA
D. pseudoobscura,dipterans,liftoff,liftover,0.999,0.599,0.747,24642,26574,8038,1539,1490,95,67.8,0.67,0.388,NA,0.483,0.29,0.388,0.337,NA,NA,NA,NA
D. pseudoobscura,dipterans,CGPprotein,abinitio,0.999,0.416,0.396,5405,26574,5405,1539,1125,435,93.7,0.931,0.088,NA,0.483,0.29,0.088,0.337,NA,NA,NA,NA
D. pseudoobscura,dipterans,CGPrnaseq,abinitio,0.999,0.419,0.397,12276,26574,12276,1539,456,5992,54.8,0.436,0.097,NA,0.483,0.29,0.097,0.337,NA,NA,NA,NA
D. yakuba,dipterans,StrHisat,assembler,0.998,0.802,0.979,25512,25398,9138,1527,1731,415,98.7,0.991,0.83,NA,0.752,0.429,0.371,0.36,0.968,NA,25309,NA
D. yakuba,dipterans,StrStar,assembler,0.998,0.785,0.978,25914,25398,9025,1527,1746,368,98.6,0.99,0.831,NA,0.752,0.429,0.373,0.36,1.002,NA,25718,NA
D. yakuba,dipterans,ScalHisat,assembler,0.998,0.85,0.949,22341,25398,11563,1527,1326,861,96.8,0.967,0.815,NA,0.752,0.429,0.367,0.36,1.008,NA,21852,NA
D. yakuba,dipterans,ScalStar,assembler,0.998,0.851,0.953,23424,25398,13886,1527,1275,848,96.6,0.969,0.823,NA,0.752,0.429,0.366,0.36,1.013,NA,22823,NA
D. yakuba,dipterans,BrkProt,abinitio,0.998,0.982,0.979,18781,25398,17115,1527,1086,2360,96.9,0.981,0.369,NA,0.752,0.429,0.369,0.36,NA,NA,NA,NA
D. yakuba,dipterans,BrkRNA,abinitio,0.998,0.988,0.988,17886,25398,16636,1527,1179,1583,97.2,0.99,0.38,NA,0.752,0.429,0.38,0.36,NA,NA,NA,NA
D. yakuba,dipterans,Braker3,abinitio,0.998,0.99,0.988,19693,25398,14925,1527,1266,1679,96.7,0.959,0.391,NA,0.752,0.429,0.391,0.36,NA,NA,NA,NA
D. yakuba,dipterans,TOGA,liftover,0.998,0.988,0.986,29537,25398,13396,1527,1410,108,98.4,0.998,0.392,NA,0.752,0.429,0.392,0.36,NA,NA,NA,NA
D. yakuba,dipterans,liftoff,liftover,0.998,0.993,0.997,30184,25398,13562,1527,1422,125,95.2,0.977,0.786,NA,0.752,0.429,0.421,0.36,NA,NA,NA,NA
D. yakuba,dipterans,CGPprotein,abinitio,0.998,0.981,0.98,20219,25398,20219,1527,745,6094,72.8,0.675,0.398,NA,0.752,0.429,0.398,0.36,NA,NA,NA,NA
D. yakuba,dipterans,CGPrnaseq,abinitio,0.998,0.974,0.977,27441,25398,27441,1527,453,13353,58.6,0.488,0.41,NA,0.752,0.429,0.41,0.36,NA,NA,NA,NA
A. lyrata,rosids,StrHisat,assembler,1,0.913,0.988,38044,39160,20904,1095,1080,1196,96.4,0.986,0.909,NA,0.887,0.509,0.49,0.347,0.539,NA,37638,NA
A. lyrata,rosids,StrStar,assembler,1,0.901,0.986,38575,39160,20397,1095,1086,1164,96.4,0.986,0.9,NA,0.887,0.509,0.487,0.347,0.544,NA,38216,NA
A. lyrata,rosids,ScalHisat,assembler,1,0.948,0.979,45663,39160,24591,1095,936,1405,95.5,0.983,0.91,NA,0.887,0.509,0.517,0.347,0.507,NA,44279,NA
A. lyrata,rosids,ScalStar,assembler,1,0.96,0.989,42205,39160,25720,1095,963,1389,95.7,0.983,0.91,NA,0.887,0.509,0.515,0.347,0.51,NA,41044,NA
A. lyrata,rosids,BrkProt,abinitio,1,0.995,0.995,55396,39160,49732,1095,945,19158,95.5,0.992,0.505,NA,0.887,0.509,0.505,0.347,NA,NA,NA,NA
A. lyrata,rosids,BrkRNA,abinitio,1,0.998,0.998,47012,39160,45414,1095,1020,13074,95.5,0.985,0.517,NA,0.887,0.509,0.517,0.347,NA,NA,NA,NA
A. lyrata,rosids,Braker3,abinitio,1,0.991,0.993,45813,39160,39591,1095,945,12037,94.5,0.956,0.505,NA,0.887,0.509,0.505,0.347,NA,NA,NA,NA
A. lyrata,rosids,TOGA,liftover,1,0.988,0.986,44399,39160,24254,1095,1089,775,97.3,0.997,0.484,NA,0.887,0.509,0.484,0.347,NA,NA,NA,NA
A. lyrata,rosids,liftoff,liftover,1,0.96,0.998,45559,39160,25570,1095,1091,1195,86,0.919,0.847,NA,0.887,0.509,0.492,0.347,NA,NA,NA,NA
A. lyrata,rosids,CGPprotein,abinitio,1,0.955,0.951,34102,39160,34102,1095,1020,8021,87.4,0.864,0.563,NA,0.887,0.509,0.563,0.347,NA,NA,NA,NA
A. lyrata,rosids,CGPrnaseq,abinitio,1,0.887,0.887,46965,39160,46965,1095,531,22418,71.3,0.626,0.488,NA,0.887,0.509,0.488,0.347,NA,NA,NA,NA
A. thaliana,rosids,StrHisat,assembler,0.998,0.894,0.988,29447,48265,17763,1084.5,1176,239,97.9,0.996,0.929,0.895,0.936,0.57,0.546,0.39,0.481,9845,29271,33.63397219090567
A. thaliana,rosids,StrStar,assembler,0.998,0.896,0.991,29738,48265,17662,1084.5,1185,239,98,0.996,0.931,0.896,0.936,0.57,0.546,0.39,0.479,9879,29563,33.41677096370463
A. thaliana,rosids,ScalHisat,assembler,0.998,0.922,0.96,36876,48265,20521,1084.5,1026,326,96.5,0.992,0.936,0.903,0.936,0.57,0.563,0.39,0.517,13410,36245,36.998206649192994
A. thaliana,rosids,ScalStar,assembler,0.998,0.925,0.965,34612,48265,21722,1084.5,1050,368,97,0.993,0.932,0.901,0.936,0.57,0.562,0.39,0.489,11686,33838,34.53513801052072
A. thaliana,rosids,BrkProt,abinitio,0.998,0.998,0.998,37374,48265,34213,1084.5,1002,7271,96,0.992,0.584,0.523,0.936,0.57,0.584,0.39,NA,NA,NA,NA
A. thaliana,rosids,BrkRNA,abinitio,0.998,0.995,0.995,35684,48265,34509,1084.5,1053,5941,96.5,0.993,0.566,0.52,0.936,0.57,0.566,0.39,NA,NA,NA,NA
A. thaliana,rosids,Braker3,abinitio,0.998,0.995,0.995,33694,48265,29121,1084.5,1035,4023,96,0.975,0.575,0.516,0.936,0.57,0.575,0.39,NA,NA,NA,NA
A. thaliana,rosids,MakerRnaNoEvm,MAKER,0.998,0.579,0.558,11847,48265,11847,1084.5,1083,457,96.2,0.996,0.311,0.258,0.936,0.57,0.311,0.39,NA,NA,NA,NA
A. thaliana,rosids,TOGA,liftover,0.998,0.984,0.984,32373,48265,23285,1084.5,1116,378,97.6,0.999,0.548,0.495,0.936,0.57,0.548,0.39,NA,NA,NA,NA
A. thaliana,rosids,liftoff,liftover,0.998,0.967,0.998,33826,48265,25637,1084.5,1113,1127,88.2,0.936,0.872,0.822,0.936,0.57,0.556,0.39,NA,NA,NA,NA
A. thaliana,rosids,CGPprotein,abinitio,0.998,0.979,0.981,32541,48265,32541,1084.5,939,6707,85.4,0.838,0.624,0.575,0.936,0.57,0.624,0.39,NA,NA,NA,NA
A. thaliana,rosids,CGPrnaseq,abinitio,0.998,0.92,0.915,43805,48265,43805,1084.5,504,19327,69.9,0.604,0.558,0.518,0.936,0.57,0.558,0.39,NA,NA,NA,NA
B. oleracea,rosids,StrHisat,assembler,0.998,0.958,0.998,54837,56687,34841,1041,948,4384,95,0.977,0.848,NA,0.826,0.573,0.578,0.243,0.403,NA,52148,NA
B. oleracea,rosids,StrStar,assembler,0.998,0.96,0.995,57266,56687,34246,1041,974,4410,95.2,0.977,0.85,NA,0.826,0.573,0.574,0.243,0.422,NA,55384,NA
B. oleracea,rosids,ScalHisat,assembler,0.998,0.976,0.995,70650,56687,35365,1041,822,3606,94.7,0.979,0.84,NA,0.826,0.573,0.571,0.243,0.473,NA,66297,NA
B. oleracea,rosids,ScalStar,assembler,0.998,0.972,0.991,65088,56687,37422,1041,858,3874,94.5,0.977,0.845,NA,0.826,0.573,0.573,0.243,0.496,NA,61895,NA
B. oleracea,rosids,BrkProt,abinitio,0.998,NA,NA,NA,56687,NA,1041,NA,NA,NA,NA,NA,NA,0.826,0.573,NA,0.243,NA,NA,NA,NA
B. oleracea,rosids,BrkRNA,abinitio,0.998,0.995,0.995,119927,56687,116461,1041,768,66590,93,0.981,0.577,NA,0.826,0.573,0.577,0.243,NA,NA,NA,NA
B. oleracea,rosids,Braker3,abinitio,0.998,0.995,0.995,66200,56687,58409,1041,816,20716,94.8,0.976,0.569,NA,0.826,0.573,0.569,0.243,NA,NA,NA,NA
B. oleracea,rosids,TOGA,liftover,0.998,0.859,0.854,46164,56687,23811,1041,1077,1465,97.7,0.996,0.419,NA,0.826,0.573,0.419,0.243,NA,NA,NA,NA
B. oleracea,rosids,liftoff,liftover,0.998,0.835,0.991,40232,56687,21625,1041,1082,1267,73.9,0.812,0.522,NA,0.826,0.573,0.415,0.243,NA,NA,NA,NA
B. oleracea,rosids,CGPprotein,abinitio,0.998,0.544,0.52,24771,56687,24771,1041,1062,8891,92.3,0.928,0.313,NA,0.826,0.573,0.313,0.243,NA,NA,NA,NA
B. oleracea,rosids,CGPrnaseq,abinitio,0.998,0.496,0.473,37349,56687,37349,1041,597,21536,78.2,0.718,0.274,NA,0.826,0.573,0.274,0.243,NA,NA,NA,NA
C. rubella,rosids,StrHisat,assembler,0.998,0.918,0.998,34040,34126,19662,1473,1113,535,97.5,0.992,0.87,NA,0.848,0.564,0.529,0.251,0.475,NA,33356,NA
C. rubella,rosids,StrStar,assembler,0.998,0.922,0.995,34722,34126,19481,1473,1119,557,97.5,0.992,0.877,NA,0.848,0.564,0.527,0.251,0.479,NA,34088,NA
C. rubella,rosids,ScalHisat,assembler,0.998,0.908,0.972,38748,34126,22809,1473,966,745,96.1,0.985,0.877,NA,0.848,0.564,0.54,0.251,0.606,NA,37655,NA
C. rubella,rosids,ScalStar,assembler,0.998,0.887,0.965,39203,34126,28037,1473,969,1053,95.6,0.982,0.882,NA,0.848,0.564,0.547,0.251,0.625,NA,38009,NA
C. rubella,rosids,BrkProt,abinitio,0.998,0.998,0.998,37085,34126,34130,1473,1026,7329,96.3,0.995,0.573,NA,0.848,0.564,0.573,0.251,NA,NA,NA,NA
C. rubella,rosids,BrkRNA,abinitio,0.998,0.995,0.995,36027,34126,34948,1473,1077,6180,96.4,0.989,0.573,NA,0.848,0.564,0.573,0.251,NA,NA,NA,NA
C. rubella,rosids,Braker3,abinitio,0.998,0.988,0.988,34511,34126,29571,1473,1047,4352,95.7,0.971,0.57,NA,0.848,0.564,0.57,0.251,NA,NA,NA,NA
C. rubella,rosids,TOGA,liftover,0.998,0.986,0.981,40339,34126,21709,1473,1122,411,97.7,0.998,0.525,NA,0.848,0.564,0.525,0.251,NA,NA,NA,NA
C. rubella,rosids,liftoff,liftover,0.998,0.929,0.998,42716,34126,23450,1473,1109,771,84.3,0.894,0.793,NA,0.848,0.564,0.535,0.251,NA,NA,NA,NA
C. rubella,rosids,CGPprotein,abinitio,0.998,0.932,0.929,27331,34126,27331,1473,1060,3952,89,0.885,0.558,NA,0.848,0.564,0.558,0.251,NA,NA,NA,NA
C. rubella,rosids,CGPrnaseq,abinitio,0.998,0.88,0.878,37443,34126,37443,1473,576,15336,72.4,0.63,0.508,NA,0.848,0.564,0.508,0.251,NA,NA,NA,NA
A. platyrhynchos,birds,StrHisat,assembler,0.998,0.897,0.932,50112,45273,15335,1590,1395,1710,95,0.965,0.746,NA,0.661,0.392,0.338,0.865,1.37,NA,48999,NA
A. platyrhynchos,birds,StrStar,assembler,0.998,0.896,0.934,53567,45273,14949,1590,1413,1632,95,0.964,0.747,NA,0.661,0.392,0.334,0.865,1.45,NA,52738,NA
A. platyrhynchos,birds,ScalHisat,assembler,0.998,0.897,0.94,58011,45273,21516,1590,915,3885,85.8,0.884,0.748,NA,0.661,0.392,0.344,0.865,1.498,NA,55116,NA
A. platyrhynchos,birds,ScalStar,assembler,0.998,0.904,0.943,54186,45273,22178,1590,951,4341,85.6,0.877,0.75,NA,0.661,0.392,0.342,0.865,1.688,NA,51992,NA
A. platyrhynchos,birds,BrkProt,abinitio,0.998,0.287,0.282,12643,45273,11575,1590,984,1208,81.5,0.976,0.133,NA,0.661,0.392,0.133,0.865,NA,NA,NA,NA
A. platyrhynchos,birds,BrkRNA,abinitio,0.998,0.559,0.558,20315,45273,18936,1590,1011,1658,81.9,0.924,0.212,NA,0.661,0.392,0.212,0.865,NA,NA,NA,NA
A. platyrhynchos,birds,Braker3,abinitio,0.998,0.915,0.914,28501,45273,18696,1590,1296,3956,94.7,0.944,0.293,NA,0.661,0.392,0.293,0.865,NA,NA,NA,NA
A. platyrhynchos,birds,TOGA,liftover,0.998,0.98,0.98,56789,45273,15178,1590,1617,460,98.5,0.998,0.298,NA,0.661,0.392,0.298,0.865,NA,NA,NA,NA
A. platyrhynchos,birds,liftoff,liftover,0.998,0.794,0.974,54612,45273,15479,1590,1644,709,76.6,0.845,0.63,NA,0.661,0.392,0.364,0.865,NA,NA,NA,NA
A. platyrhynchos,birds,CGPprotein,abinitio,0.998,0.763,0.759,16933,45273,16933,1590,915,3757,80.5,0.771,0.226,NA,0.661,0.392,0.226,0.865,NA,NA,NA,NA
A. platyrhynchos,birds,CGPrnaseq,abinitio,0.998,0.754,0.751,50278,45273,50278,1590,378,36441,41.3,0.286,0.269,NA,0.661,0.392,0.269,0.865,NA,NA,NA,NA
C. japonica,birds,StrHisat,assembler,0.997,0.825,0.861,37962,40934,14084,1629,1407,1564,94,0.955,0.722,NA,0.586,0.33,0.256,0.736,1.339,NA,36963,NA
C. japonica,birds,StrStar,assembler,0.997,0.822,0.862,40690,40934,13633,1629,1395,1547,92.8,0.944,0.727,NA,0.586,0.33,0.257,0.736,1.375,NA,39618,NA
C. japonica,birds,ScalHisat,assembler,0.997,0.846,0.885,51626,40934,20572,1629,900,3894,84.6,0.871,0.726,NA,0.586,0.33,0.255,0.736,1.542,NA,49004,NA
C. japonica,birds,ScalStar,assembler,0.997,0.854,0.897,51070,40934,20937,1629,909,4381,83.7,0.859,0.733,NA,0.586,0.33,0.259,0.736,1.687,NA,48807,NA
C. japonica,birds,BrkProt,abinitio,0.997,0.444,0.439,15035,40934,13881,1629,837,1208,87,0.978,0.143,NA,0.586,0.33,0.143,0.736,NA,NA,NA,NA
C. japonica,birds,BrkRNA,abinitio,0.997,0.815,0.813,22234,40934,18906,1629,1251,2648,86.3,0.917,0.231,NA,0.586,0.33,0.231,0.736,NA,NA,NA,NA
C. japonica,birds,Braker3,abinitio,0.997,0.934,0.934,25070,40934,17082,1629,1368,2475,93.1,0.937,0.242,NA,0.586,0.33,0.242,0.736,NA,NA,NA,NA
C. japonica,birds,TOGA,liftover,0.997,0.988,0.988,56191,40934,15190,1629,1641,465,97.9,0.998,0.246,NA,0.586,0.33,0.246,0.736,NA,NA,NA,NA
C. japonica,birds,liftoff,liftover,0.997,0.944,0.993,55999,40934,16116,1629,1641,1016,87.3,0.931,0.639,NA,0.586,0.33,0.325,0.736,NA,NA,NA,NA
C. japonica,birds,CGPprotein,abinitio,0.997,0.933,0.932,37692,40934,37692,1629,300,20234,52.2,0.437,0.221,NA,0.586,0.33,0.221,0.736,NA,NA,NA,NA
C. japonica,birds,CGPrnaseq,abinitio,0.997,0.914,0.914,72120,40934,72120,1629,330,55027,36.6,0.239,0.26,NA,0.586,0.33,0.26,0.736,NA,NA,NA,NA
G. gallus,birds,StrHisat,assembler,0.998,0.842,0.867,40007,59322,12688,1614,1473,755,94.8,0.966,0.819,0.813,0.676,0.382,0.304,0.812,1.428,16042,39690,40.418241370622326
G. gallus,birds,StrStar,assembler,0.998,0.839,0.866,40389,59322,12560,1614,1473,757,93.9,0.958,0.817,0.812,0.676,0.382,0.301,0.812,1.447,16014,40035,40
G. gallus,birds,ScalHisat,assembler,0.998,0.888,0.91,47700,59322,16550,1614,1068,1991,89.5,0.92,0.816,0.811,0.676,0.382,0.302,0.812,1.397,18418,46280,39.796888504753674
G. gallus,birds,ScalStar,assembler,0.998,0.892,0.915,46043,59322,16556,1614,1065,1960,89.3,0.918,0.815,0.809,0.676,0.382,0.3,0.812,1.493,18059,44752,40.353503754022164
G. gallus,birds,BrkProt,abinitio,0.998,0.385,0.376,16116,59322,14671,1614,844,1414,84.2,0.971,0.155,0.156,0.676,0.382,0.155,0.812,NA,NA,NA,NA
G. gallus,birds,BrkRNA,abinitio,0.998,0.648,0.644,21030,59322,19069,1614,1104,1641,82.5,0.938,0.223,0.216,0.676,0.382,0.223,0.812,NA,NA,NA,NA
G. gallus,birds,Braker3,abinitio,0.998,0.952,0.951,27661,59322,18680,1614,1350,2885,94.1,0.95,0.288,0.272,0.676,0.382,0.288,0.812,NA,NA,NA,NA
G. gallus,birds,MakerRnaNoEvm,MAKER,0.998,0.875,0.874,17023,59322,17023,1614,1125,979,94.6,0.99,0.229,0.217,0.676,0.382,0.229,0.812,NA,NA,NA,NA
G. gallus,birds,TOGA,liftover,0.998,0.984,0.983,40672,59322,15403,1614,1627,285,98.5,1,0.28,0.263,0.676,0.382,0.28,0.812,NA,NA,NA,NA
G. gallus,birds,liftoff,liftover,0.998,0.928,0.991,40146,59322,15471,1614,1652,326,90.2,0.94,0.712,0.705,0.676,0.382,0.37,0.812,NA,NA,NA,NA
G. gallus,birds,CGPprotein,abinitio,0.998,0.962,0.961,39649,59322,39649,1614,309,20754,53,0.45,0.271,0.256,0.676,0.382,0.271,0.812,NA,NA,NA,NA
G. gallus,birds,CGPrnaseq,abinitio,0.998,0.944,0.944,81355,59322,81355,1614,336,62742,35.9,0.233,0.345,0.331,0.676,0.382,0.345,0.812,NA,NA,NA,NA
Z. mays,monocots,StrHisat,assembler,1,0.991,0.998,63175,57578,29750,1128,978,5078,88,0.935,0.783,0.734,0.761,0.496,0.515,0.463,0.81,26839,61724,43.48227593804679
Z. mays,monocots,StrStar,assembler,1,0.988,0.998,65876,57578,29853,1128,987,5213,88.2,0.935,0.783,0.736,0.761,0.496,0.434,0.463,0.853,28667,64610,44.36929267915183
Z. mays,monocots,ScalHisat,assembler,1,0.986,0.998,78481,57578,36270,1128,822,6405,84.7,0.919,0.785,0.735,0.761,0.496,0.518,0.463,0.92,35030,76214,45.96268402130842
Z. mays,monocots,ScalStar,assembler,1,0.984,0.998,76732,57578,36824,1128,843,6545,85.8,0.922,0.787,0.739,0.761,0.496,0.521,0.463,0.91,34281,74539,45.990689437744
Z. mays,monocots,BrkProt,abinitio,1,0.765,0.755,87253,57578,80107,1128,639,49309,86.2,0.916,0.408,0.315,0.761,0.496,0.408,0.463,NA,NA,NA,NA
Z. mays,monocots,BrkRNA,abinitio,1,0.976,0.976,95414,57578,89237,1128,708,50954,84.4,0.941,0.485,0.372,0.761,0.496,0.485,0.463,NA,NA,NA,NA
Z. mays,monocots,Braker3,abinitio,1,0.995,0.995,95432,57578,83752,1128,642,53813,93.1,0.917,0.499,0.371,0.761,0.496,0.499,0.463,NA,NA,NA,NA
Z. mays,monocots,MakerRnaNoEvm,MAKER,1,0.934,0.929,26865,57578,26865,1128,1137,4125,96.3,0.994,0.414,0.3,0.761,0.496,0.412,0.463,NA,NA,NA,NA
Z. mays,monocots,TOGA,liftover,1,0.915,0.915,29140,57578,21342,1128,1137,1529,97.5,0.994,0.381,0.256,0.761,0.496,0.381,0.463,NA,NA,NA,NA
Z. mays,monocots,liftoff,liftover,1,0.819,0.969,26886,57578,20780,1128,1103,1305,76.8,0.836,0.489,0.436,0.761,0.496,0.384,0.463,NA,NA,NA,NA
Z. mays,monocots,CGPprotein,abinitio,1,0.694,0.696,22190,57578,22190,1128,840,5762,89.6,0.921,0.284,0.201,0.761,0.496,0.284,0.463,NA,NA,NA,NA
Z. mays,monocots,CGPrnaseq,abinitio,1,0.682,0.689,40162,57578,40162,1128,537,21299,64.1,0.601,0.314,0.235,0.761,0.496,0.314,0.463,NA,NA,NA,NA
B. distachyon,monocots,StrHisat,assembler,1,0.981,0.991,45783,37892,24235,1206,996,5404,87.2,0.89,0.889,NA,0.818,0.498,0.469,0.431,0.975,NA,45358,NA
B. distachyon,monocots,StrStar,assembler,1,0.974,0.995,47383,37892,23745,1206,1005,5106,87.5,0.895,0.886,NA,0.818,0.498,0.496,0.431,0.96,NA,46958,NA
B. distachyon,monocots,ScalHisat,assembler,1,0.984,0.991,57533,37892,25916,1206,843,3620,87.5,0.911,0.901,NA,0.818,0.498,0.503,0.431,0.998,NA,56370,NA
B. distachyon,monocots,ScalStar,assembler,1,0.979,0.993,55350,37892,30740,1206,855,4741,86.6,1,0.893,NA,0.818,0.498,0.503,0.431,0.964,NA,53998,NA
B. distachyon,monocots,BrkProt,abinitio,1,0.828,0.821,43804,37892,40098,1206,843,16262,92.9,0.981,0.359,NA,0.818,0.498,0.359,0.431,NA,NA,NA,NA
B. distachyon,monocots,BrkRNA,abinitio,1,0.871,0.875,37091,37892,36036,1206,798,10457,89.9,0.961,0.279,NA,0.818,0.498,0.279,0.431,NA,NA,NA,NA
B. distachyon,monocots,Braker3,abinitio,1,0.995,0.993,50934,37892,44046,1206,777,19212,86.2,0.841,0.491,NA,0.818,0.498,0.491,0.431,NA,NA,NA,NA
B. distachyon,monocots,TOGA,liftover,1,0.275,0.254,7602,37892,3818,1206,1059,163,97.3,0.996,0.098,NA,0.818,0.498,0.098,0.431,NA,NA,NA,NA
B. distachyon,monocots,liftoff,liftover,1,0.525,0.725,27801,37892,16048,1206,980,539,65.7,0.726,0.422,NA,0.818,0.498,0.308,0.431,NA,NA,NA,NA
B. distachyon,monocots,CGPprotein,abinitio,1,0.972,0.974,29611,37892,29611,1206,966,5698,93.6,0.942,0.456,NA,0.818,0.498,0.456,0.431,NA,NA,NA,NA
B. distachyon,monocots,CGPrnaseq,abinitio,1,0.974,0.981,44562,37892,44562,1206,633,20992,70.5,0.631,0.525,NA,0.818,0.498,0.525,0.431,NA,NA,NA,NA
O. sativa,monocots,StrHisat,assembler,1,0.979,0.998,53883,42578,26037,1215,1047,4031,88.6,0.914,0.843,NA,0.803,0.463,0.471,0.478,0.883,NA,53102,NA
O. sativa,monocots,StrStar,assembler,1,0.976,0.998,56293,42578,25763,1215,1050,3998,88.6,0.914,0.836,NA,0.803,0.463,0.471,0.478,0.878,NA,55577,NA
O. sativa,monocots,ScalHisat,assembler,1,0.979,0.991,69310,42578,32936,1215,873,4723,86.4,0.906,0.853,NA,0.803,0.463,0.48,0.478,1.031,NA,67958,NA
O. sativa,monocots,ScalStar,assembler,1,0.979,0.991,65688,42578,32439,1215,897,4771,86.4,0.903,0.852,NA,0.803,0.463,0.481,0.478,0.986,NA,64491,NA
O. sativa,monocots,BrkProt,abinitio,1,0.866,0.861,41113,42578,38268,1215,900,11793,90.2,0.983,0.376,NA,0.803,0.463,0.376,0.478,NA,NA,NA,NA
O. sativa,monocots,BrkRNA,abinitio,1,0.962,0.965,43911,42578,41553,1215,891,12117,85.4,0.933,0.388,NA,0.803,0.463,0.388,0.478,NA,NA,NA,NA
O. sativa,monocots,Braker3,abinitio,1,1,1,42072,42578,35221,1215,1023,8133,92.5,0.947,0.46,NA,0.803,0.463,0.46,0.478,NA,NA,NA,NA
O. sativa,monocots,TOGA,liftover,1,0.336,0.313,10772,42578,5134,1215,1061,206,97.9,0.998,0.107,NA,0.803,0.463,0.107,0.478,NA,NA,NA,NA
O. sativa,monocots,liftoff,liftover,1,0.487,0.76,29389,42578,17159,1215,853,651,57.9,0.672,0.299,NA,0.803,0.463,0.254,0.478,NA,NA,NA,NA
O. sativa,monocots,CGPprotein,abinitio,1,0.948,0.951,26675,42578,26675,1215,996,3898,93.3,0.951,0.399,NA,0.803,0.463,0.399,0.478,NA,NA,NA,NA
O. sativa,monocots,CGPrnaseq,abinitio,1,0.953,0.965,42292,42578,42292,1215,642,19223,67.7,0.611,0.457,NA,0.803,0.463,0.457,0.478,NA,NA,NA,NA
S. italica,monocots,StrHisat,assembler,1,0.965,0.998,38741,35844,22429,1194,1125,2143,92.4,0.951,0.877,NA,0.793,0.414,0.426,0.379,0.714,NA,38438,NA
S. italica,monocots,StrStar,assembler,1,0.967,1,43640,35844,23006,1194,1107,2402,92.2,0.949,0.856,NA,0.793,0.414,0.424,0.379,0.739,NA,43109,NA
S. italica,monocots,ScalHisat,assembler,1,0.974,0.998,59534,35844,28932,1194,897,2994,89.2,0.937,0.886,NA,0.793,0.414,0.435,0.379,0.987,NA,58159,NA
S. italica,monocots,ScalStar,assembler,1,0.969,0.991,56343,35844,28686,1194,921,3070,89.6,0.936,0.876,NA,0.793,0.414,0.437,0.379,0.843,NA,55106,NA
S. italica,monocots,BrkProt,abinitio,1,0.819,0.821,45196,35844,41993,1194,786,16364,90.7,0.976,0.354,NA,0.793,0.414,0.354,0.379,NA,NA,NA,NA
S. italica,monocots,BrkRNA,abinitio,1,0.795,0.798,38757,35844,37461,1194,795,10092,85.4,0.94,0.284,NA,0.793,0.414,0.284,0.379,NA,NA,NA,NA
S. italica,monocots,Braker3,abinitio,1,0.974,0.976,40843,35844,35282,1194,954,9320,94,0.959,0.404,NA,0.793,0.414,0.404,0.379,NA,NA,NA,NA
S. italica,monocots,TOGA,liftover,1,0.889,0.915,36687,35844,15428,1194,1158,672,98,0.997,0.295,NA,0.793,0.414,0.295,0.379,NA,NA,NA,NA
S. italica,monocots,liftoff,liftover,1,0.755,0.948,35753,35844,20890,1194,1088,1497,72.6,0.82,0.59,NA,0.793,0.414,0.328,0.379,NA,NA,NA,NA
S. italica,monocots,CGPprotein,abinitio,1,0.908,0.908,27243,35844,27243,1194,915,5989,92.1,0.927,0.337,NA,0.793,0.414,0.337,0.379,NA,NA,NA,NA
S. italica,monocots,CGPrnaseq,abinitio,1,0.913,0.918,39228,35844,39228,1194,642,18588,69.6,0.628,0.385,NA,0.793,0.414,0.385,0.379,NA,NA,NA,NA
H. sapiens,mammals,StrHisat,assembler,1,0.791,0.821,46832,124266,16241,1446,1326,1882,92.5,0.961,0.784,0.712,0.599,0.208,0.15,0.936,1.727,26068,46423,56.15319992245223
H. sapiens,mammals,StrStar,assembler,1,0.8,0.827,48624,124266,16076,1446,1380,1679,92.6,0.959,0.786,0.715,0.599,0.208,0.146,0.936,1.743,27379,48457,56.501640629836764
H. sapiens,mammals,ScalHisat,assembler,1,0.807,0.851,75419,124266,23931,1446,849,5009,83.1,0.896,0.793,0.729,0.599,0.208,0.145,0.936,1.911,42602,72783,58.53289916601404
H. sapiens,mammals,ScalStar,assembler,1,0.818,0.856,67695,124266,22969,1446,891,4670,83,0.894,0.795,0.731,0.599,0.208,0.154,0.936,2.044,39361,65927,59.70391493621733
H. sapiens,mammals,BrkProt,abinitio,1,0.511,0.509,37634,124266,34547,1446,675,11150,77.3,0.868,0.097,0.189,0.599,0.208,0.097,0.936,NA,NA,NA,NA
H. sapiens,mammals,BrkRNA,abinitio,1,0.81,0.812,38089,124266,33924,1446,963,8893,83,0.921,0.141,0.271,0.599,0.208,0.141,0.936,NA,NA,NA,NA
H. sapiens,mammals,Braker3,abinitio,1,0.922,0.919,36258,124266,26197,1446,1167,6443,89.1,0.916,0.139,0.297,0.599,0.208,0.139,0.936,NA,NA,NA,NA
H. sapiens,mammals,MakerRnaNoEvm,MAKER,1,0.577,0.569,20825,124266,20825,1446,924,3293,88.8,0.977,0.066,0.166,0.599,0.208,0.066,0.936,NA,NA,NA,NA
H. sapiens,mammals,TOGA,liftover,1,0.992,0.992,79155,124266,23238,1446,1449,2058,96.9,0.999,0.13,0.297,0.599,0.208,0.13,0.936,NA,NA,NA,NA
H. sapiens,mammals,liftoff,liftover,1,0.981,0.997,67035,124266,20550,1446,1515,1816,91.9,0.972,0.648,0.642,0.599,0.208,0.181,0.936,NA,NA,NA,NA
H. sapiens,mammals,CGPprotein,abinitio,1,0.836,0.834,475536,124266,475536,1446,261,377019,26.2,0.296,0.109,0.266,0.599,0.208,0.109,0.936,NA,NA,NA,NA
H. sapiens,mammals,CGPrnaseq,abinitio,1,0.784,0.781,508090,124266,508090,1446,264,404250,26.1,0.288,0.141,0.298,0.599,0.208,0.141,0.936,NA,NA,NA,NA
M. mulatta,mammals,StrHisat,assembler,1,0.799,0.826,47545,68173,15297,1512,1395,1687,94.2,0.966,0.83,NA,0.637,0.344,0.267,0.719,1.754,NA,47332,NA
M. mulatta,mammals,StrStar,assembler,1,0.795,0.823,46800,68173,14575,1512,1452,1284,94.5,0.969,0.836,NA,0.637,0.344,0.252,0.719,1.752,NA,46671,NA
M. mulatta,mammals,ScalHisat,assembler,1,0.836,0.888,73216,68173,29001,1512,798,7761,77.8,0.849,0.859,NA,0.637,0.344,0.262,0.719,2.616,NA,71032,NA
M. mulatta,mammals,ScalStar,assembler,1,0.85,0.894,68861,68173,26616,1512,882,6921,79.4,0.86,0.861,NA,0.637,0.344,0.268,0.719,2.625,NA,67761,NA
M. mulatta,mammals,BrkProt,abinitio,1,0.504,0.502,32625,68173,30022,1512,636,7834,76.7,0.868,0.111,NA,0.637,0.344,0.111,0.719,NA,NA,NA,NA
M. mulatta,mammals,BrkRNA,abinitio,1,0.842,0.843,34422,68173,30534,1512,987,7231,80.6,0.886,0.205,NA,0.637,0.344,0.205,0.719,NA,NA,NA,NA
M. mulatta,mammals,Braker3,abinitio,1,0.933,0.931,33717,68173,23793,1512,1215,5153,89.6,0.906,0.236,NA,0.637,0.344,0.236,0.719,NA,NA,NA,NA
M. mulatta,mammals,TOGA,liftover,1,0.996,0.996,127614,68173,19394,1512,1416,500,97.7,0.998,0.238,NA,0.637,0.344,0.238,0.719,NA,NA,NA,NA
M. mulatta,mammals,liftoff,liftover,1,0.991,0.997,113358,68173,19207,1512,1461,400,92.9,0.975,0.7,NA,0.637,0.344,0.276,0.719,NA,NA,NA,NA
M. mulatta,mammals,CGPprotein,abinitio,1,0.791,0.788,469577,68173,469577,1512,261,373378,25.8,0.291,0.187,NA,0.637,0.344,0.187,0.719,NA,NA,NA,NA
M. mulatta,mammals,CGPrnaseq,abinitio,1,0.72,0.715,480810,68173,480810,1512,261,379672,26.1,0.291,0.211,NA,0.637,0.344,0.211,0.719,NA,NA,NA,NA
C. familiaris,mammals,StrHisat,assembler,0.998,0.796,0.824,48382,66992,15527,1488,1368,1808,93.8,0.961,0.841,NA,0.718,0.299,0.307,0.613,1.566,NA,47997,NA
C. familiaris,mammals,StrStar,assembler,0.998,0.794,0.82,48209,66992,14882,1488,1398,1462,94.2,0.963,0.84,NA,0.718,0.299,0.307,0.613,1.573,NA,47954,NA
C. familiaris,mammals,ScalHisat,assembler,0.998,0.847,0.877,62822,66992,24545,1488,894,5346,81.7,0.853,0.838,NA,0.718,0.299,0.307,0.613,1.875,NA,61131,NA
C. familiaris,mammals,ScalStar,assembler,0.998,0.845,0.877,61852,66992,26000,1488,900,6470,80.9,0.845,0.848,NA,0.718,0.299,0.308,0.613,2.056,NA,60486,NA
C. familiaris,mammals,BrkProt,abinitio,0.998,0.501,0.498,22087,66992,20627,1488,858,2708,81.7,0.955,0.147,NA,0.718,0.299,0.147,0.613,NA,NA,NA,NA
C. familiaris,mammals,BrkRNA,abinitio,0.998,0.763,0.764,29224,66992,25919,1488,1152,4195,79.4,0.895,0.244,NA,0.718,0.299,0.244,0.613,NA,NA,NA,NA
C. familiaris,mammals,Braker3,abinitio,0.998,0.918,0.916,31023,66992,21124,1488,1278,3237,92.7,0.932,0.291,NA,0.718,0.299,0.291,0.613,NA,NA,NA,NA
C. familiaris,mammals,TOGA,liftover,0.998,0.882,0.881,73546,66992,15986,1488,1461,312,97.8,0.998,0.26,NA,0.718,0.299,0.26,0.613,NA,NA,NA,NA
C. familiaris,mammals,liftoff,liftover,0.998,0.853,0.931,108055,66992,17777,1488,1415,405,79.5,0.874,0.67,NA,0.718,0.299,0.269,0.613,NA,NA,NA,NA
C. familiaris,mammals,CGPprotein,abinitio,0.998,0.705,0.702,82621,66992,82621,1488,288,48457,45,0.371,0.213,NA,0.718,0.299,0.213,0.613,NA,NA,NA,NA
C. familiaris,mammals,CGPrnaseq,abinitio,0.998,0.681,0.679,143616,66992,143616,1488,300,98463,36,0.238,0.265,NA,0.718,0.299,0.265,0.613,NA,NA,NA,NA
M. musculus,mammals,StrHisat,assembler,0.999,0.743,0.772,32882,93165,13231,1479,1467,1170,95.2,0.964,0.754,NA,0.692,0.352,0.319,0.893,1.562,NA,32691,NA
M. musculus,mammals,StrStar,assembler,0.999,0.741,0.77,31862,93165,12908,1479,1491,963,95.8,0.971,0.754,NA,0.692,0.352,0.315,0.893,1.561,NA,31680,NA
M. musculus,mammals,ScalHisat,assembler,0.999,0.824,0.88,63421,93165,27757,1479,840,7115,79.6,0.818,0.804,NA,0.692,0.352,0.315,0.893,2.655,NA,62118,NA
M. musculus,mammals,ScalStar,assembler,0.999,0.829,0.882,59809,93165,25823,1479,888,6150,81.4,0.837,0.8,NA,0.692,0.352,0.315,0.893,2.831,NA,58640,NA
M. musculus,mammals,BrkProt,abinitio,0.999,0.684,0.682,29213,93165,27520,1479,795,5057,89.9,0.97,0.224,NA,0.692,0.352,0.224,0.893,NA,NA,NA,NA
M. musculus,mammals,BrkRNA,abinitio,0.999,0.941,0.941,35668,93165,30873,1479,957,8224,86.7,0.873,0.31,NA,0.692,0.352,0.31,0.893,NA,NA,NA,NA
M. musculus,mammals,Braker3,abinitio,0.999,0.941,0.939,31081,93165,22827,1479,1248,4116,94,0.942,0.307,NA,0.692,0.352,0.307,0.893,NA,NA,NA,NA
M. musculus,mammals,TOGA,liftover,0.999,0.993,0.994,115461,93165,17597,1479,1437,275,98.3,0.999,0.3,NA,0.692,0.352,0.3,0.893,NA,NA,NA,NA
M. musculus,mammals,liftoff,liftover,0.999,0.612,0.699,95505,93165,15523,1479,884,366,72.7,0.81,0.524,NA,0.692,0.352,0.263,0.893,NA,NA,NA,NA
M. musculus,mammals,CGPprotein,abinitio,0.999,0.824,0.821,45188,93165,45188,1479,402,20896,61.3,0.543,0.252,NA,0.692,0.352,0.252,0.893,NA,NA,NA,NA
M. musculus,mammals,CGPrnaseq,abinitio,0.999,0.81,0.807,107297,93165,107297,1479,342,80083,39.5,0.254,0.297,NA,0.692,0.352,0.297,0.893,NA,NA,NA,NA
B. mori,heliconines,StrHisat,assembler,NA,0.914,0.961,33808,NA,15950,NA,NA,NA,96.1,NA,0.75,NA,NA,NA,NA,NA,NA,NA,NA,NA
B. mori,heliconines,StrStar,assembler,NA,0.912,0.959,34188,NA,14829,NA,NA,NA,96.6,NA,0.762,NA,NA,NA,NA,NA,NA,NA,NA,NA
B. mori,heliconines,ScalHisat,assembler,NA,0.925,0.96,33686,NA,16672,NA,NA,NA,95,NA,0.755,NA,NA,NA,NA,NA,NA,NA,NA,NA
B. mori,heliconines,ScalStar,assembler,NA,0.917,0.959,32164,NA,17137,NA,NA,NA,94.7,NA,0.759,NA,NA,NA,NA,NA,NA,NA,NA,NA
B. mori,heliconines,BrkProt,abinitio,NA,0.953,0.953,23321,NA,21324,NA,NA,NA,91.8,NA,0.394,NA,NA,NA,0.394,NA,NA,NA,NA,NA
B. mori,heliconines,BrkRNA,abinitio,NA,0.97,0.969,21414,NA,19377,NA,NA,NA,93.5,NA,0.4,NA,NA,NA,0.4,NA,NA,NA,NA,NA
B. mori,heliconines,Braker3,abinitio,NA,0.906,0.903,NA,NA,NA,NA,NA,NA,96.4,NA,0.31,NA,NA,NA,NA,NA,NA,NA,NA,NA
B. mori,heliconines,MakerRnaNoEvm,MAKER,NA,0.874,0.868,12854,NA,12854,NA,NA,NA,94.4,NA,0.282,NA,NA,NA,0.282,NA,NA,NA,NA,NA
B. mori,heliconines,TOGA,liftover,NA,NA,NA,NA,NA,NA,NA,NA,NA,NA,NA,NA,NA,NA,NA,NA,NA,NA,NA,NA,NA
B. mori,heliconines,liftoff,liftover,NA,NA,NA,NA,NA,NA,NA,NA,NA,NA,NA,NA,NA,NA,NA,NA,NA,NA,NA,NA,NA
B. mori,heliconines,CGPprotein,abinitio,NA,NA,NA,NA,NA,NA,NA,NA,NA,NA,NA,NA,NA,NA,NA,NA,NA,NA,NA,NA,NA
B. mori,heliconines,CGPrnaseq,abinitio,NA,NA,NA,NA,NA,NA,NA,NA,NA,NA,NA,NA,NA,NA,NA,NA,NA,NA,NA,NA,NA
H. erato,heliconines,StrHisat,assembler,NA,0.848,0.884,20360,NA,11373,NA,NA,NA,97.8,NA,0.803,NA,NA,NA,NA,NA,NA,NA,NA,NA
H. erato,heliconines,StrStar,assembler,NA,0.848,0.891,21972,NA,10738,NA,NA,NA,97.9,NA,0.806,NA,NA,NA,NA,NA,NA,NA,NA,NA
H. erato,heliconines,ScalHisat,assembler,NA,0.796,0.821,24541,NA,11110,NA,NA,NA,97.5,NA,0.745,NA,NA,NA,NA,NA,NA,NA,NA,NA
H. erato,heliconines,ScalStar,assembler,NA,0.84,0.865,21762,NA,12877,NA,NA,NA,96.9,NA,0.797,NA,NA,NA,NA,NA,NA,NA,NA,NA
H. erato,heliconines,BrkProt,abinitio,NA,0.986,0.986,24988,NA,22520,NA,NA,NA,92.8,NA,0.543,NA,NA,NA,0.543,NA,NA,NA,NA,NA
H. erato,heliconines,BrkRNA,abinitio,NA,0.985,0.984,20198,NA,19112,NA,NA,NA,95.5,NA,0.553,NA,NA,NA,0.553,NA,NA,NA,NA,NA
H. erato,heliconines,Braker3,abinitio,NA,0.985,0.984,NA,NA,NA,NA,NA,NA,96.6,NA,0.527,NA,NA,NA,NA,NA,NA,NA,NA,NA
H. erato,heliconines,MakerRnaNoEvm,MAKER,NA,0.871,0.865,15425,NA,15425,NA,NA,NA,93.5,NA,0.424,NA,NA,NA,0.424,NA,NA,NA,NA,NA
H. erato,heliconines,TOGA,TOGA,NA,NA,NA,NA,NA,NA,NA,NA,NA,NA,NA,NA,NA,NA,NA,NA,NA,NA,NA,NA,NA
H. erato,heliconines,liftoff,liftover,NA,NA,NA,NA,NA,NA,NA,NA,NA,NA,NA,NA,NA,NA,NA,NA,NA,NA,NA,NA,NA
H. erato,heliconines,CGPprotein,abinitio,NA,NA,NA,NA,NA,NA,NA,NA,NA,NA,NA,NA,NA,NA,NA,NA,NA,NA,NA,NA,NA
H. erato,heliconines,CGPrnaseq,abinitio,NA,NA,NA,NA,NA,NA,NA,NA,NA,NA,NA,NA,NA,NA,NA,NA,NA,NA,NA,NA,NA
D. plexippus,heliconines,StrHisat,assembler,NA,0.905,0.969,31308,NA,12467,NA,NA,NA,98.4,NA,0.824,NA,NA,NA,NA,NA,NA,NA,NA,NA
D. plexippus,heliconines,StrStar,assembler,NA,0.912,0.97,35230,NA,12126,NA,NA,NA,98.6,NA,0.82,NA,NA,NA,NA,NA,NA,NA,NA,NA
D. plexippus,heliconines,ScalHisat,assembler,NA,0.906,0.947,40265,NA,13899,NA,NA,NA,97,NA,0.812,NA,NA,NA,NA,NA,NA,NA,NA,NA
D. plexippus,heliconines,ScalStar,assembler,NA,0.917,0.956,30329,NA,15606,NA,NA,NA,96.9,NA,0.822,NA,NA,NA,NA,NA,NA,NA,NA,NA
D. plexippus,heliconines,BrkProt,abinitio,NA,0.99,0.989,24547,NA,21666,NA,NA,NA,92.8,NA,0.391,NA,NA,NA,0.391,NA,NA,NA,NA,NA
D. plexippus,heliconines,BrkRNA,abinitio,NA,0.991,0.991,23304,NA,20913,NA,NA,NA,93,NA,0.398,NA,NA,NA,0.398,NA,NA,NA,NA,NA
D. plexippus,heliconines,Braker3,abinitio,NA,0.968,0.966,23747,NA,15691,NA,NA,NA,95.2,NA,0.367,NA,NA,NA,NA,NA,NA,NA,NA,NA
D. plexippus,heliconines,MakerRnaNoEvm,MAKER,NA,0.935,0.931,10834,NA,10834,NA,NA,NA,97.7,NA,0.32,NA,NA,NA,0.32,NA,NA,NA,NA,NA
D. plexippus,heliconines,TOGA,TOGA,NA,NA,NA,NA,NA,NA,NA,NA,NA,NA,NA,NA,NA,NA,NA,NA,NA,NA,NA,NA,NA
D. plexippus,heliconines,liftoff,liftover,NA,NA,NA,NA,NA,NA,NA,NA,NA,NA,NA,NA,NA,NA,NA,NA,NA,NA,NA,NA,NA
D. plexippus,heliconines,CGPprotein,abinitio,NA,NA,NA,NA,NA,NA,NA,NA,NA,NA,NA,NA,NA,NA,NA,NA,NA,NA,NA,NA,NA
D. plexippus,heliconines,CGPrnaseq,abinitio,NA,NA,NA,NA,NA,NA,NA,NA,NA,NA,NA,NA,NA,NA,NA,NA,NA,NA,NA,NA,NA
